"","ProcessingTime_Hours"
"1",5.3
"2",6.9
"3",2
"4",5.5
"5",4.4
"6",6.2
"7",2.6
"8",8.6
"9",5.1
"10",3.4
"11",7.6
"12",6.7
"13",4.6
"14",2.4
"15",1.2
"16",7.3
"17",2.6
"18",2.6
"19",4.1
"20",5.1
"21",4.4
"22",5.7
"23",3.1
"24",3.7
"25",4.7
"26",4.6
"27",2.7
"28",2.9
"29",6.1
"30",4.1
"31",2.6
"32",1.2
"33",2.8
"34",5.7
"35",9
"36",6
"37",4.1
"38",3
"39",8.5
"40",6.3
"41",3.5
"42",5.1
"43",6.4
"44",5.7
"45",6.4
"46",6.4
"47",3.2
"48",1.6
"49",4.7
"50",3.4
"51",1.2
"52",1.8
"53",5.6
"54",5.3
"55",6.3
"56",4.2
"57",4.6
"58",9
"59",5.8
"60",5.5
"61",4.4
"62",3.8
"63",2.4
"64",1.5
"65",2.6
"66",6.3
"67",3.5
"68",5.9
"69",1
"70",3.4
"71",3.2
"72",3.7
"73",4.4
"74",3.2
"75",2.5
"76",6.9
"77",2.2
"78",4
"79",4.2
"80",4.7
"81",3.9
"82",3.4
"83",4.7
"84",1.5
"85",4.7
"86",6.6
"87",7.5
"88",7.1
"89",4.6
"90",2.1
"91",7.1
"92",3.9
"93",2.7
"94",2.8
"95",4.3
"96",4.4
"97",3.9
"98",1.6
"99",1.9
"100",2.9
"101",3.1
"102",6.9
"103",5.5
"104",1.8
"105",7.4
"106",8.1
"107",4.1
"108",1.7
"109",3.5
"110",0.5
"111",5.6
"112",1.4
"113",5.3
"114",3.8
"115",4.1
"116",1
"117",1.6
"118",6.2
"119",1.8
"120",4.4
"121",7.7
"122",5.7
"123",3.3
"124",2.6
"125",8.2
"126",4.9
"127",3.7
"128",2.1
"129",5.9
"130",5.2
"131",6.7
"132",6
"133",3.6
"134",1.7
"135",3.2
"136",3.4
"137",4.3
"138",4.7
"139",3.6
"140",7.3
"141",1.5
"142",3
"143",1.2
"144",7
"145",5.4
"146",6.3
"147",3.5
"148",1.6
"149",3.1
"150",2.2
"151",8.9
"152",5.3
"153",2.6
"154",2.9
"155",2.6
"156",2.9
"157",5.3
"158",2.1
"159",2.3
"160",6.5
"161",2.1
"162",3.7
"163",3.8
"164",4.8
"165",5.9
"166",4.6
"167",4.8
"168",3.6
"169",3.4
"170",3.5
"171",3.6
"172",3
"173",3.6
"174",1
"175",2.6
"176",3
"177",4.2
"178",2.9
"179",4.3
"180",3.4
"181",6.4
"182",1.5
"183",3.4
"184",5.4
"185",2.9
"186",3.3
"187",6.8
"188",2.1
"189",3.5
"190",7.4
